model,accuracy,auc,log_loss
XGBoost - historical,0.6494711449248469,0.720860352624129,0.6121773505612296
Random Forest - historical,0.6498422712933754,0.7177560613298642,0.6141149837161447
Logistic Regression - historical,0.6498422712933754,0.7172879932690767,0.6162002432269096
Logistic Regression - basic,0.6342549638151791,0.6962305782059357,0.6359491305498294
Baseline: better ranked player,0.6349972165522361,0.6349819853028282,
